{
  "loss": 0.27638211846351624,
  "accuracy": 0.908720456397718,
  "macro_f1": 0.9037076373391809,
  "weighted_f1": 0.9087555381472769,
  "top3_accuracy": 0.9820700896495518,
  "low_confidence_rate": 0.09046454767726161,
  "per_class_accuracy": {
    "metal": 0.9139784946236559,
    "glass": 0.8620689655172413,
    "biological": 0.9714285714285714,
    "paper": 0.917910447761194,
    "battery": 0.9868421052631579,
    "trash": 0.8666666666666667,
    "cardboard": 0.8723404255319149,
    "shoes": 0.9655172413793104,
    "clothes": 0.9576719576719577,
    "plastic": 0.81875
  },
  "report": {
    "metal": {
      "precision": 0.8018867924528302,
      "recall": 0.9139784946236559,
      "f1-score": 0.8542713567839196,
      "support": 93.0
    },
    "glass": {
      "precision": 0.8823529411764706,
      "recall": 0.8620689655172413,
      "f1-score": 0.872093023255814,
      "support": 174.0
    },
    "biological": {
      "precision": 0.8947368421052632,
      "recall": 0.9714285714285714,
      "f1-score": 0.9315068493150684,
      "support": 70.0
    },
    "paper": {
      "precision": 0.8978102189781022,
      "recall": 0.917910447761194,
      "f1-score": 0.9077490774907749,
      "support": 134.0
    },
    "battery": {
      "precision": 0.9375,
      "recall": 0.9868421052631579,
      "f1-score": 0.9615384615384616,
      "support": 76.0
    },
    "trash": {
      "precision": 0.78,
      "recall": 0.8666666666666667,
      "f1-score": 0.8210526315789474,
      "support": 45.0
    },
    "cardboard": {
      "precision": 0.9318181818181818,
      "recall": 0.8723404255319149,
      "f1-score": 0.9010989010989011,
      "support": 141.0
    },
    "shoes": {
      "precision": 0.9459459459459459,
      "recall": 0.9655172413793104,
      "f1-score": 0.9556313993174061,
      "support": 145.0
    },
    "clothes": {
      "precision": 0.9890710382513661,
      "recall": 0.9576719576719577,
      "f1-score": 0.9731182795698925,
      "support": 189.0
    },
    "plastic": {
      "precision": 0.903448275862069,
      "recall": 0.81875,
      "f1-score": 0.8590163934426229,
      "support": 160.0
    },
    "accuracy": 0.908720456397718,
    "macro avg": {
      "precision": 0.8964570236590228,
      "recall": 0.913317487584367,
      "f1-score": 0.9037076373391809,
      "support": 1227.0
    },
    "weighted avg": {
      "precision": 0.9106990284590207,
      "recall": 0.908720456397718,
      "f1-score": 0.9087555381472769,
      "support": 1227.0
    }
  },
  "confusion": [
    [
      85,
      1,
      0,
      1,
      2,
      2,
      0,
      0,
      0,
      2
    ],
    [
      12,
      150,
      1,
      2,
      1,
      1,
      1,
      0,
      0,
      6
    ],
    [
      0,
      1,
      68,
      0,
      0,
      0,
      0,
      1,
      0,
      0
    ],
    [
      1,
      1,
      0,
      123,
      0,
      1,
      5,
      2,
      0,
      1
    ],
    [
      0,
      0,
      0,
      0,
      75,
      0,
      0,
      0,
      0,
      1
    ],
    [
      2,
      1,
      0,
      2,
      0,
      39,
      0,
      0,
      0,
      1
    ],
    [
      1,
      2,
      2,
      8,
      1,
      1,
      123,
      1,
      0,
      2
    ],
    [
      0,
      2,
      1,
      0,
      0,
      1,
      0,
      140,
      1,
      0
    ],
    [
      0,
      1,
      2,
      1,
      0,
      0,
      0,
      3,
      181,
      1
    ],
    [
      5,
      11,
      2,
      0,
      1,
      5,
      3,
      1,
      1,
      131
    ]
  ]
}
